OMIM,DiseaseMeshID,DrugMeshID,DrugName
103780,MESH:D000437,D000077443,acamprosate
601665,MESH:D009765,D020909,acarbose
125853,MESH:D003924,D020909,acarbose
145500,MESH:D000075222,D000070,acebutolol
115000,MESH:D001145,D000070,acebutolol
114550,MESH:D006528,D000082,acetaminophen
140600,MESH:D010003,D000082,acetaminophen
165720,MESH:D010003,D000082,acetaminophen
607850,MESH:D010003,D000082,acetaminophen
243200,MESH:D011559,D000086,acetazolamide
254770,MESH:D020190,D000086,acetazolamide
604827,MESH:D020190,D000086,acetazolamide
181500,MESH:D012559,C100162,acetophenazine
600807,MESH:D001249,D000241,adenosine
115000,MESH:D001145,D000241,adenosine
166710,MESH:D010024,D019386,alendronate
259500,MESH:D012516,D019386,alendronate
114480,MESH:D001943,D000077556,alitretinoin
176807,MESH:D011471,D000077556,alitretinoin
211980,MESH:D008175,D000077556,alitretinoin
182000,MESH:D017492,D000077556,alitretinoin
601626,MESH:D015470,D000077556,alitretinoin
267730,MESH:D008228,D000493,allopurinol
601626,MESH:D015470,D000493,allopurinol
167870,MESH:D016584,D000525,alprazolam
181500,MESH:D012559,D000525,alprazolam
126200,MESH:D009103,D000547,amantadine
143100,MESH:D006816,D000547,amantadine
114480,MESH:D001943,D004999,amifostine
267730,MESH:D008228,D004999,amifostine
133239,MESH:D004938,D004999,amifostine
109200,MESH:D000505,D004999,amifostine
114480,MESH:D001943,D000616,aminoglutethimide
176807,MESH:D011471,D000616,aminoglutethimide
600807,MESH:D001249,D000628,aminophylline
211980,MESH:D008175,D000628,aminophylline
194200,MESH:D014927,D000638,amiodarone
115000,MESH:D001145,D000638,amiodarone
212110,MESH:D002311,D000638,amiodarone
109100,MESH:D001327,D000638,amiodarone
181500,MESH:D012559,D000639,amitriptyline
145500,MESH:D000075222,D017311,amlodipine
189800,MESH:D011225,D017311,amlodipine
605021,MESH:D004831,D000661,amphetamine
143465,MESH:D001289,D000661,amphetamine
181500,MESH:D012559,D000661,amphetamine
115000,MESH:D001145,D000676,amrinone
178600,MESH:D006976,D000676,amrinone
114480,MESH:D001943,D000077384,anastrozole
605021,MESH:D004831,D001058,apomorphine
188050,MESH:D019851,C031942,argatroban
103780,MESH:D000437,D000068180,aripiprazole
601665,MESH:D009765,D000068180,aripiprazole
137580,MESH:D005879,D000068180,aripiprazole
143100,MESH:D006816,D000068180,aripiprazole
143465,MESH:D001289,D000068180,aripiprazole
164230,MESH:D009771,D000068180,aripiprazole
181500,MESH:D012559,D000068180,aripiprazole
600807,MESH:D001249,D000077237,arsenic trioxide
115000,MESH:D001145,D000077237,arsenic trioxide
114480,MESH:D001943,D000077237,arsenic trioxide
254400,MESH:D009182,D000077237,arsenic trioxide
176807,MESH:D011471,D000077237,arsenic trioxide
109543,MESH:D015451,D000077237,arsenic trioxide
151400,MESH:D015451,D000077237,arsenic trioxide
254500,MESH:D009101,D000077237,arsenic trioxide
137215,MESH:D013274,D000077237,arsenic trioxide
109800,MESH:D001749,D000077237,arsenic trioxide
133239,MESH:D004938,D000077237,arsenic trioxide
259500,MESH:D012516,D000077237,arsenic trioxide
182280,MESH:D018288,D000077237,arsenic trioxide
211980,MESH:D008175,D000077237,arsenic trioxide
114550,MESH:D006528,D000077237,arsenic trioxide
114500,MESH:D015179,D000077237,arsenic trioxide
137800,MESH:D005910,D000077237,arsenic trioxide
256700,MESH:D009447,D000077237,arsenic trioxide
601626,MESH:D015470,D000077237,arsenic trioxide
114480,MESH:D001943,D001241,aspirin
601367,MESH:D000083242,D001241,aspirin
109350,MESH:D005764,D001241,aspirin
273300,MESH:D013736,D001241,aspirin
263300,MESH:D011087,D001241,aspirin
137215,MESH:D013274,D001241,aspirin
109800,MESH:D001749,D001241,aspirin
187950,MESH:D013920,D001241,aspirin
114500,MESH:D015179,D001241,aspirin
140600,MESH:D010003,D001241,aspirin
165720,MESH:D010003,D001241,aspirin
607850,MESH:D010003,D001241,aspirin
152700,MESH:D008180,D001241,aspirin
188050,MESH:D019851,D001241,aspirin
115000,MESH:D001145,D001262,atenolol
212110,MESH:D002311,D001262,atenolol
143465,MESH:D001289,D000069445,atomoxetine
144010,MESH:D006938,D000069059,atorvastatin
109800,MESH:D001749,D000069059,atorvastatin
178600,MESH:D006976,D000069059,atorvastatin
115000,MESH:D001145,D001285,atropine
114480,MESH:D001943,D001285,atropine
605021,MESH:D004831,D001285,atropine
211980,MESH:D008175,D001310,auranofin
176807,MESH:D011471,D001374,azacitidine
254500,MESH:D009101,D001374,azacitidine
211980,MESH:D008175,D001374,azacitidine
114550,MESH:D006528,D001374,azacitidine
114500,MESH:D015179,D001374,azacitidine
601626,MESH:D015470,D001374,azacitidine
212110,MESH:D002311,D001379,azathioprine
109100,MESH:D001327,D001379,azathioprine
126200,MESH:D009103,D001379,azathioprine
152700,MESH:D008180,D001379,azathioprine
191390,MESH:D003093,D001379,azathioprine
249100,MESH:D010505,D001379,azathioprine
266600,MESH:D015212,D001379,azathioprine
603165,MESH:D003876,C010038,azelaic acid
103780,MESH:D000437,D001418,baclofen
190400,MESH:D014277,D001418,baclofen
126200,MESH:D009103,D001418,baclofen
191390,MESH:D003093,C038637,balsalazide
600807,MESH:D001249,D001507,beclomethasone
212110,MESH:D002311,C044946,benazepril
181500,MESH:D012559,C100234,benzquinamide
189600,MESH:D014103,D001590,benztropine
137580,MESH:D005879,D001590,benztropine
181500,MESH:D012559,D001590,benztropine
115000,MESH:D001145,D015764,bepridil
603165,MESH:D003876,D001623,betamethasone
189800,MESH:D011225,D001623,betamethasone
115000,MESH:D001145,D015784,betaxolol
109350,MESH:D005764,D018723,bethanechol
114480,MESH:D001943,D000077610,bexarotene
211980,MESH:D008175,D000077610,bexarotene
114480,MESH:D001943,C053541,bicalutamide
176807,MESH:D011471,C053541,bicalutamide
189600,MESH:D014103,D001712,biperiden
181500,MESH:D012559,D001712,biperiden
600263,MESH:D016481,D001729,bismuth
600807,MESH:D001249,C011685,bitolterol
148000,MESH:D012514,D001761,bleomycin
236000,MESH:D006689,D001761,bleomycin
267730,MESH:D008228,D001761,bleomycin
273300,MESH:D013736,D001761,bleomycin
211980,MESH:D008175,D001761,bleomycin
114480,MESH:D001943,D000069286,bortezomib
254500,MESH:D009101,D000069286,bortezomib
109800,MESH:D001749,D000069286,bortezomib
133239,MESH:D004938,D000069286,bortezomib
259500,MESH:D012516,D000069286,bortezomib
114550,MESH:D006528,D000069286,bortezomib
137800,MESH:D005910,D000069286,bortezomib
256700,MESH:D009447,D000069286,bortezomib
268220,MESH:D018232,D000069286,bortezomib
601626,MESH:D015470,D000069286,bortezomib
178600,MESH:D006976,D000077300,bosentan
137760,MESH:D005902,C111827,brinzolamide
600634,MESH:D015175,D001971,bromocriptine
146110,MESH:D007006,D001971,bromocriptine
600807,MESH:D001249,D019819,budesonide
211980,MESH:D008175,D019819,budesonide
191390,MESH:D003093,D019819,budesonide
189800,MESH:D011225,D002045,bupivacaine
102300,MESH:D012148,D016642,bupropion
143465,MESH:D001289,D016642,bupropion
164230,MESH:D009771,D002065,buspirone
114480,MESH:D001943,D002066,busulfan
236000,MESH:D006689,D002066,busulfan
267730,MESH:D008228,D002066,busulfan
254500,MESH:D009101,D002066,busulfan
263300,MESH:D011087,D002066,busulfan
187950,MESH:D013920,D002066,busulfan
187950,MESH:D013922,D002066,busulfan
256700,MESH:D009447,D002066,busulfan
601626,MESH:D015470,D002066,busulfan
600634,MESH:D015175,D000077465,cabergoline
146110,MESH:D007006,D000077465,cabergoline
102300,MESH:D012148,D000077465,cabergoline
601665,MESH:D009765,D002110,caffeine
137215,MESH:D013274,D002110,caffeine
211980,MESH:D008175,D002110,caffeine
143465,MESH:D001289,D002110,caffeine
114480,MESH:D001943,D002117,calcitriol
176807,MESH:D011471,D002117,calcitriol
254500,MESH:D009101,D002117,calcitriol
211980,MESH:D008175,D002117,calcitriol
109200,MESH:D000505,D002117,calcitriol
114500,MESH:D015179,D002117,calcitriol
137800,MESH:D005910,D002117,calcitriol
601626,MESH:D015470,D002117,calcitriol
114480,MESH:D001943,D000069287,capecitabine
176807,MESH:D011471,D000069287,capecitabine
137215,MESH:D013274,D000069287,capecitabine
133239,MESH:D004938,D000069287,capecitabine
114500,MESH:D015179,D000069287,capecitabine
144700,MESH:D002292,D000069287,capecitabine
114480,MESH:D001943,D002220,carbamazepine
190400,MESH:D014277,D002220,carbamazepine
125700,MESH:D020790,D002220,carbamazepine
605021,MESH:D004831,D002220,carbamazepine
143465,MESH:D001289,D002220,carbamazepine
181500,MESH:D012559,D002220,carbamazepine
115000,MESH:D001145,D002230,carbidopa
114480,MESH:D001943,D016190,carboplatin
176807,MESH:D011471,D016190,carboplatin
109800,MESH:D001749,D016190,carboplatin
133239,MESH:D004938,D016190,carboplatin
182280,MESH:D055752,D016190,carboplatin
211980,MESH:D008175,D016190,carboplatin
137800,MESH:D005910,D016190,carboplatin
194070,MESH:D009396,D016190,carboplatin
256700,MESH:D009447,D016190,carboplatin
601626,MESH:D015470,D016190,carboplatin
114480,MESH:D001943,D002330,carmustine
254400,MESH:D009182,D002330,carmustine
236000,MESH:D006689,D002330,carmustine
254500,MESH:D009101,D002330,carmustine
211980,MESH:D008175,D002330,carmustine
114500,MESH:D015179,D002330,carmustine
137800,MESH:D005910,D002330,carmustine
115000,MESH:D001145,D002354,carteolol
115000,MESH:D001145,D000077261,carvedilol
212110,MESH:D002311,D000077261,carvedilol
137800,MESH:D005910,D000077261,carvedilol
178600,MESH:D006976,D000077261,carvedilol
109800,MESH:D001749,D002437,cefazolin
166760,MESH:D010033,D000077525,cefdinir
114480,MESH:D001943,D000068579,celecoxib
176807,MESH:D011471,D000068579,celecoxib
254500,MESH:D009101,D000068579,celecoxib
137215,MESH:D013274,D000068579,celecoxib
131200,MESH:D004715,D000068579,celecoxib
114500,MESH:D015179,D000068579,celecoxib
140600,MESH:D010003,D000068579,celecoxib
165720,MESH:D010003,D000068579,celecoxib
607850,MESH:D010003,D000068579,celecoxib
144700,MESH:D002292,D000068579,celecoxib
152700,MESH:D008180,D000068579,celecoxib
175100,MESH:D011125,D000068579,celecoxib
256700,MESH:D009447,D000068579,celecoxib
114480,MESH:D001943,D002738,chloroquine
137215,MESH:D013274,D002738,chloroquine
114550,MESH:D006528,D002738,chloroquine
152700,MESH:D008180,D002738,chloroquine
181000,MESH:D012507,D002738,chloroquine
246300,MESH:D007918,D002738,chloroquine
137800,MESH:D005910,D002746,chlorpromazine
143465,MESH:D001289,D002746,chlorpromazine
181500,MESH:D012559,D002746,chlorpromazine
125853,MESH:D003924,D002747,chlorpropamide
109100,MESH:D001327,D002762,cholecalciferol
176807,MESH:D011471,D002762,cholecalciferol
114550,MESH:D006528,D002794,choline
114480,MESH:D001943,D000077768,ciclopirox
601626,MESH:D015470,D000077768,ciclopirox
109350,MESH:D005764,D002927,cimetidine
137215,MESH:D013274,D002927,cimetidine
114550,MESH:D006528,D002927,cimetidine
166760,MESH:D010033,D002939,ciprofloxacin
600263,MESH:D016481,D002939,ciprofloxacin
109800,MESH:D001749,D002939,ciprofloxacin
211980,MESH:D008175,D002939,ciprofloxacin
109350,MESH:D005764,D020117,cisapride
114480,MESH:D001943,D002945,cisplatin
176807,MESH:D011471,D002945,cisplatin
236000,MESH:D006689,D002945,cisplatin
273300,MESH:D013736,D002945,cisplatin
254500,MESH:D009101,D002945,cisplatin
137215,MESH:D013274,D002945,cisplatin
109800,MESH:D001749,D002945,cisplatin
133239,MESH:D004938,D002945,cisplatin
259500,MESH:D012516,D002945,cisplatin
182280,MESH:D018288,D002945,cisplatin
182280,MESH:D055752,D002945,cisplatin
211980,MESH:D008175,D002945,cisplatin
246400,MESH:D006646,D002945,cisplatin
114550,MESH:D006528,D002945,cisplatin
114500,MESH:D015179,D002945,cisplatin
137800,MESH:D005910,D002945,cisplatin
194070,MESH:D009396,D002945,cisplatin
256700,MESH:D009447,D002945,cisplatin
273300,MESH:C563236,D002945,cisplatin
115000,MESH:D001145,D015283,citalopram
143465,MESH:D001289,D015283,citalopram
164230,MESH:D009771,D015283,citalopram
167870,MESH:D016584,D015283,citalopram
115000,MESH:D001145,D015283,citalopram
143465,MESH:D001289,D015283,citalopram
164230,MESH:D009771,D015283,citalopram
115000,MESH:D001145,D015283,escitalopram
143465,MESH:D001289,D015283,escitalopram
164230,MESH:D009771,D015283,escitalopram
167870,MESH:D016584,D015283,escitalopram
115000,MESH:D001145,D015283,escitalopram
143465,MESH:D001289,D015283,escitalopram
164230,MESH:D009771,D015283,escitalopram
109543,MESH:D015451,D017338,cladribine
151400,MESH:D015451,D017338,cladribine
254450,MESH:D055728,D017338,cladribine
211980,MESH:D008175,D017338,cladribine
126200,MESH:D009103,D017338,cladribine
601626,MESH:D015470,D017338,cladribine
184700,MESH:D011085,D002996,clomifene
164230,MESH:D009771,D002997,clomipramine
167870,MESH:D016584,D002997,clomipramine
605021,MESH:D004831,D002998,clonazepam
164230,MESH:D009771,D002998,clonazepam
167870,MESH:D016584,D002998,clonazepam
600131,MESH:D004832,D002998,clonazepam
607631,MESH:D004832,D002998,clonazepam
115000,MESH:D001145,D003000,clonidine
137580,MESH:D005879,D003000,clonidine
143465,MESH:D001289,D003000,clonidine
164230,MESH:D009771,D003000,clonidine
181500,MESH:D012559,D003000,clonidine
601367,MESH:D000083242,D000077144,clopidogrel
187950,MESH:D013920,D000077144,clopidogrel
211980,MESH:D008175,D003022,clotrimazole
127750,MESH:D020961,D003024,clozapine
164230,MESH:D009771,D003024,clozapine
167870,MESH:D016584,D003024,clozapine
181500,MESH:D012559,D003024,clozapine
143465,MESH:D001289,D003042,cocaine
137760,MESH:D005902,D003078,colchicine
249100,MESH:D010505,D003078,colchicine
114480,MESH:D001943,D004966,conjugated estrogens
600263,MESH:D016481,D014805,cyanocobalamin
170900,MESH:D000752,D014805,cyanocobalamin
104300,MESH:D000544,D014805,cyanocobalamin
114480,MESH:D001943,D016572,cyclosporine
109100,MESH:D001327,D016572,cyclosporine
259500,MESH:D012516,D016572,cyclosporine
205700,MESH:D000744,D016572,cyclosporine
188030,MESH:D016553,D016572,cyclosporine
114480,MESH:D001943,D003561,cytarabine
236000,MESH:D006689,D003561,cytarabine
109543,MESH:D015451,D003561,cytarabine
151400,MESH:D015451,D003561,cytarabine
267730,MESH:D008228,D003561,cytarabine
254500,MESH:D009101,D003561,cytarabine
254450,MESH:D055728,D003561,cytarabine
263300,MESH:D011087,D003561,cytarabine
601626,MESH:D015470,D003561,cytarabine
114480,MESH:D001943,D003606,dacarbazine
176807,MESH:D011471,D003606,dacarbazine
236000,MESH:D006689,D003606,dacarbazine
114500,MESH:D015179,D003606,dacarbazine
144700,MESH:D002292,D003606,dacarbazine
256700,MESH:D009447,D003606,dacarbazine
114480,MESH:D001943,D003613,danazol
254450,MESH:D055728,D003613,danazol
131200,MESH:D004715,D003613,danazol
205700,MESH:D000744,D003613,danazol
188030,MESH:D016553,D003613,danazol
114480,MESH:D001943,D000069439,dasatinib
263300,MESH:D011087,D000069439,dasatinib
267730,MESH:D008228,D003630,daunorubicin
114550,MESH:D006528,D003630,daunorubicin
601626,MESH:D015470,D003630,daunorubicin
600807,MESH:D001249,D000077209,decitabine
114480,MESH:D001943,D000077209,decitabine
254500,MESH:D009101,D000077209,decitabine
254450,MESH:D055728,D000077209,decitabine
137215,MESH:D013274,D000077209,decitabine
109800,MESH:D001749,D000077209,decitabine
211980,MESH:D008175,D000077209,decitabine
114500,MESH:D015179,D000077209,decitabine
256700,MESH:D009447,D000077209,decitabine
601626,MESH:D015470,D000077209,decitabine
143465,MESH:D001289,D003891,desipramine
167870,MESH:D016584,D003891,desipramine
600631,MESH:D053206,D003891,desipramine
607499,MESH:D052018,D003891,desipramine
125700,MESH:D020790,D003894,desmopressin
600631,MESH:D053206,D003894,desmopressin
184700,MESH:D011085,D017135,desogestrel
243200,MESH:D011559,D003907,dexamethasone
600807,MESH:D001249,D003907,dexamethasone
114480,MESH:D001943,D003907,dexamethasone
176807,MESH:D011471,D003907,dexamethasone
273300,MESH:D013736,D003907,dexamethasone
254500,MESH:D009101,D003907,dexamethasone
160750,MESH:D009220,D003907,dexamethasone
211980,MESH:D008175,D003907,dexamethasone
255900,MESH:D009230,D003907,dexamethasone
114550,MESH:D006528,D003907,dexamethasone
137800,MESH:D005910,D003907,dexamethasone
266600,MESH:D015212,D003907,dexamethasone
540000,MESH:D017241,D003907,dexamethasone
601626,MESH:D015470,D003907,dexamethasone
158280,MESH:D009041,D003913,dextroamphetamine
143465,MESH:D001289,D003913,dextroamphetamine
164230,MESH:D009771,D003913,dextroamphetamine
181500,MESH:D012559,D003913,dextroamphetamine
102300,MESH:D012148,D003915,dextromethorphan
126200,MESH:D009103,D003915,dextromethorphan
143465,MESH:D001289,D003915,dextromethorphan
605021,MESH:D004831,D003975,diazepam
167870,MESH:D016584,D003975,diazepam
181500,MESH:D012559,D003975,diazepam
600131,MESH:D004832,D003975,diazepam
607631,MESH:D004832,D003975,diazepam
137760,MESH:D005902,D004008,diclofenac
140600,MESH:D010003,D004008,diclofenac
165720,MESH:D010003,D004008,diclofenac
607850,MESH:D010003,D004008,diclofenac
152700,MESH:D008180,D004008,diclofenac
256700,MESH:D009447,D004008,diclofenac
601665,MESH:D009765,D004053,diethylpropion
114480,MESH:D001943,D004054,diethylstilbestrol
176807,MESH:D011471,D004054,diethylstilbestrol
114550,MESH:D006528,D004054,diethylstilbestrol
140600,MESH:D010003,D004061,diflunisal
165720,MESH:D010003,D004061,diflunisal
607850,MESH:D010003,D004061,diflunisal
115000,MESH:D001145,D004077,digoxin
212110,MESH:D002311,D004077,digoxin
109100,MESH:D001327,D004077,digoxin
140600,MESH:D010003,C014481,dihydrocodeine
165720,MESH:D010003,C014481,dihydrocodeine
607850,MESH:D010003,C014481,dihydrocodeine
194200,MESH:D014927,D004110,diltiazem
115000,MESH:D001145,D004110,diltiazem
114480,MESH:D001943,D004110,diltiazem
115000,MESH:D001145,D015232,dinoprostone
189600,MESH:D014103,D004155,diphenhydramine
137760,MESH:D005902,C015173,dipivefrin
212110,MESH:D002311,D004176,dipyridamole
104300,MESH:D000544,D004176,dipyridamole
178600,MESH:D006976,D004176,dipyridamole
115000,MESH:D001145,D004206,disopyramide
103780,MESH:D000437,D004221,disulfiram
114480,MESH:D001943,D004221,disulfiram
176807,MESH:D011471,D004221,disulfiram
109543,MESH:D015451,D004221,disulfiram
151400,MESH:D015451,D004221,disulfiram
259500,MESH:D012516,D004221,disulfiram
103780,MESH:D000437,D014635,divalproex sodium
607501,MESH:D020326,D014635,divalproex sodium
132100,MESH:D020195,D014635,divalproex sodium
605021,MESH:D004831,D014635,divalproex sodium
167870,MESH:D016584,D014635,divalproex sodium
178600,MESH:D006976,D014635,divalproex sodium
181500,MESH:D012559,D014635,divalproex sodium
254770,MESH:D020190,D014635,divalproex sodium
604827,MESH:D020190,D014635,divalproex sodium
600131,MESH:D004832,D014635,divalproex sodium
607631,MESH:D004832,D014635,divalproex sodium
601626,MESH:D015470,D014635,divalproex sodium
103780,MESH:D000437,D014635,divalproex sodium
607501,MESH:D020326,D014635,divalproex sodium
132100,MESH:D020195,D014635,divalproex sodium
605021,MESH:D004831,D014635,divalproex sodium
167870,MESH:D016584,D014635,divalproex sodium
178600,MESH:D006976,D014635,divalproex sodium
181500,MESH:D012559,D014635,divalproex sodium
254770,MESH:D020190,D014635,divalproex sodium
604827,MESH:D020190,D014635,divalproex sodium
600131,MESH:D004832,D014635,divalproex sodium
607631,MESH:D004832,D014635,divalproex sodium
601626,MESH:D015470,D014635,divalproex sodium
103780,MESH:D000437,D014635,valproic acid
607501,MESH:D020326,D014635,valproic acid
132100,MESH:D020195,D014635,valproic acid
605021,MESH:D004831,D014635,valproic acid
167870,MESH:D016584,D014635,valproic acid
178600,MESH:D006976,D014635,valproic acid
181500,MESH:D012559,D014635,valproic acid
254770,MESH:D020190,D014635,valproic acid
604827,MESH:D020190,D014635,valproic acid
600131,MESH:D004832,D014635,valproic acid
607631,MESH:D004832,D014635,valproic acid
601626,MESH:D015470,D014635,valproic acid
103780,MESH:D000437,D014635,valproic acid
607501,MESH:D020326,D014635,valproic acid
132100,MESH:D020195,D014635,valproic acid
605021,MESH:D004831,D014635,valproic acid
167870,MESH:D016584,D014635,valproic acid
178600,MESH:D006976,D014635,valproic acid
181500,MESH:D012559,D014635,valproic acid
254770,MESH:D020190,D014635,valproic acid
604827,MESH:D020190,D014635,valproic acid
600131,MESH:D004832,D014635,valproic acid
607631,MESH:D004832,D014635,valproic acid
601626,MESH:D015470,D014635,valproic acid
114480,MESH:D001943,D000077143,docetaxel
176807,MESH:D011471,D000077143,docetaxel
254500,MESH:D009101,D000077143,docetaxel
137215,MESH:D013274,D000077143,docetaxel
109800,MESH:D001749,D000077143,docetaxel
133239,MESH:D004938,D000077143,docetaxel
211980,MESH:D008175,D000077143,docetaxel
114550,MESH:D006528,D000077143,docetaxel
137800,MESH:D005910,D000077143,docetaxel
601626,MESH:D015470,D000077143,docetaxel
115000,MESH:D001145,C063533,dofetilide
104300,MESH:D000544,D000077265,donepezil
127750,MESH:D020961,D000077265,donepezil
137760,MESH:D005902,C062765,dorzolamide
115000,MESH:D001145,D017292,doxazosin
176807,MESH:D011471,D017292,doxazosin
148000,MESH:D012514,D004317,doxorubicin
114480,MESH:D001943,D004317,doxorubicin
176807,MESH:D011471,D004317,doxorubicin
236000,MESH:D006689,D004317,doxorubicin
267730,MESH:D008228,D004317,doxorubicin
273300,MESH:D013736,D004317,doxorubicin
254500,MESH:D009101,D004317,doxorubicin
137215,MESH:D013274,D004317,doxorubicin
109800,MESH:D001749,D004317,doxorubicin
133239,MESH:D004938,D004317,doxorubicin
259500,MESH:D012516,D004317,doxorubicin
182280,MESH:D055752,D004317,doxorubicin
211980,MESH:D008175,D004317,doxorubicin
114550,MESH:D006528,D004317,doxorubicin
114500,MESH:D015179,D004317,doxorubicin
144700,MESH:D002292,D004317,doxorubicin
194070,MESH:D009396,D004317,doxorubicin
256700,MESH:D009447,D004317,doxorubicin
601626,MESH:D015470,D004317,doxorubicin
167870,MESH:D016584,D000068736,duloxetine
166710,MESH:D010024,D004656,enalapril
212110,MESH:D002311,D004656,enalapril
601665,MESH:D009765,D004656,enalapril
125853,MESH:D003924,D004656,enalapril
178600,MESH:D006976,D004656,enalapril
115000,MESH:D001145,D016700,encainide
601367,MESH:D000083242,D017984,enoxaparin
188050,MESH:D019851,D017984,enoxaparin
104300,MESH:D000544,C071192,entacapone
600807,MESH:D001249,D004809,ephedrine
601665,MESH:D009765,D004809,ephedrine
600807,MESH:D001249,D004837,epinephrine
115000,MESH:D001145,D004837,epinephrine
137760,MESH:D005902,D004837,epinephrine
114480,MESH:D001943,D015251,epirubicin
176807,MESH:D011471,D015251,epirubicin
236000,MESH:D006689,D015251,epirubicin
267730,MESH:D008228,D015251,epirubicin
137215,MESH:D013274,D015251,epirubicin
109800,MESH:D001749,D015251,epirubicin
133239,MESH:D004938,D015251,epirubicin
259500,MESH:D012516,D015251,epirubicin
182280,MESH:D055752,D015251,epirubicin
211980,MESH:D008175,D015251,epirubicin
114550,MESH:D006528,D015251,epirubicin
179600,MESH:D011928,D011464,epoprostenol
178600,MESH:D006976,D011464,epoprostenol
211980,MESH:D008175,D000069347,erlotinib
114500,MESH:D015179,D000069347,erlotinib
137800,MESH:D005910,D000069347,erlotinib
115000,MESH:D001145,C036604,esmolol
166710,MESH:D010024,D004958,estradiol
114480,MESH:D001943,D004958,estradiol
176807,MESH:D011471,D004958,estradiol
114550,MESH:D006528,D004958,estradiol
109200,MESH:D000505,D004958,estradiol
189800,MESH:D011225,D004958,estradiol
176807,MESH:D011471,D004961,estramustine
212110,MESH:D002311,D000431,ethanol
176807,MESH:D011471,D004997,ethinyl estradiol
167870,MESH:D016584,D004997,ethinyl estradiol
184700,MESH:D011085,D004997,ethinyl estradiol
600131,MESH:D004832,D005013,ethosuximide
607631,MESH:D004832,D005013,ethosuximide
114500,MESH:D015179,D017308,etodolac
140600,MESH:D010003,D017308,etodolac
165720,MESH:D010003,D017308,etodolac
607850,MESH:D010003,D017308,etodolac
114480,MESH:D001943,D005047,etoposide
176807,MESH:D011471,D005047,etoposide
236000,MESH:D006689,D005047,etoposide
267730,MESH:D008228,D005047,etoposide
273300,MESH:D013736,D005047,etoposide
254500,MESH:D009101,D005047,etoposide
109800,MESH:D001749,D005047,etoposide
259500,MESH:D012516,D005047,etoposide
182280,MESH:D018288,D005047,etoposide
182280,MESH:D055752,D005047,etoposide
211980,MESH:D008175,D005047,etoposide
114500,MESH:D015179,D005047,etoposide
137800,MESH:D005910,D005047,etoposide
144700,MESH:D002292,D005047,etoposide
194070,MESH:D009396,D005047,etoposide
256700,MESH:D009447,D005047,etoposide
601626,MESH:D015470,D005047,etoposide
144700,MESH:D002292,D000068338,everolimus
114480,MESH:D001943,C056516,exemestane
114480,MESH:D001943,D015738,famotidine
109350,MESH:D005764,D015738,famotidine
137215,MESH:D013274,D015738,famotidine
211980,MESH:D008175,D015738,famotidine
114500,MESH:D015179,D015738,famotidine
132100,MESH:D020195,D000078328,felbamate
144010,MESH:D006938,D011345,fenofibrate
140600,MESH:D010003,D005279,fenoprofen
165720,MESH:D010003,D005279,fenoprofen
607850,MESH:D010003,D005279,fenoprofen
178600,MESH:D006976,D005283,fentanyl
176807,MESH:D011471,D018120,finasteride
109200,MESH:D000505,D018120,finasteride
194200,MESH:D014927,D005424,flecainide
115000,MESH:D001145,D005424,flecainide
109543,MESH:D015451,C024352,fludarabine
151400,MESH:D015451,C024352,fludarabine
601626,MESH:D015470,C024352,fludarabine
600807,MESH:D001249,C007734,flunisolide
114480,MESH:D001943,D005472,fluorouracil
176807,MESH:D011471,D005472,fluorouracil
137215,MESH:D013274,D005472,fluorouracil
109800,MESH:D001749,D005472,fluorouracil
133239,MESH:D004938,D005472,fluorouracil
211980,MESH:D008175,D005472,fluorouracil
114550,MESH:D006528,D005472,fluorouracil
114500,MESH:D015179,D005472,fluorouracil
137800,MESH:D005910,D005472,fluorouracil
144700,MESH:D002292,D005472,fluorouracil
601665,MESH:D009765,D005473,fluoxetine
137580,MESH:D005879,D005473,fluoxetine
164230,MESH:D009771,D005473,fluoxetine
167870,MESH:D016584,D005473,fluoxetine
178600,MESH:D006976,D005473,fluoxetine
181500,MESH:D012559,D005473,fluoxetine
607499,MESH:D052018,D005473,fluoxetine
114480,MESH:D001943,D005474,fluoxymesterone
181500,MESH:D012559,D005476,fluphenazine
176807,MESH:D011471,D005480,flurbiprofen
175100,MESH:D011125,D005480,flurbiprofen
176807,MESH:D011471,D005485,flutamide
109800,MESH:D001749,D005485,flutamide
184700,MESH:D011085,D005485,flutamide
600807,MESH:D001249,D000068298,fluticasone propionate
144010,MESH:D006938,D000077340,fluvastatin
254500,MESH:D009101,D000077340,fluvastatin
601665,MESH:D009765,D016666,fluvoxamine
104300,MESH:D000544,D016666,fluvoxamine
164230,MESH:D009771,D016666,fluvoxamine
167870,MESH:D016584,D016666,fluvoxamine
607499,MESH:D052018,D016666,fluvoxamine
600807,MESH:D001249,D000068759,formoterol
114480,MESH:D001943,D000077267,fulvestrant
256700,MESH:D009447,D000077267,fulvestrant
126200,MESH:D009103,C032005,fumarate
212110,MESH:D002311,D005665,furosemide
137215,MESH:D013274,D005665,furosemide
600631,MESH:D053206,D005665,furosemide
190400,MESH:D014277,D000077206,gabapentin
605021,MESH:D004831,D000077206,gabapentin
102300,MESH:D012148,D000077206,gabapentin
104300,MESH:D000544,D005702,galantamine
114480,MESH:D001943,C056507,gemcitabine
176807,MESH:D011471,C056507,gemcitabine
236000,MESH:D006689,C056507,gemcitabine
267730,MESH:D008228,C056507,gemcitabine
254500,MESH:D009101,C056507,gemcitabine
109800,MESH:D001749,C056507,gemcitabine
182280,MESH:D055752,C056507,gemcitabine
211980,MESH:D008175,C056507,gemcitabine
114550,MESH:D006528,C056507,gemcitabine
114500,MESH:D015179,C056507,gemcitabine
144700,MESH:D002292,C056507,gemcitabine
144010,MESH:D006938,D015248,gemfibrozil
126200,MESH:D009103,D000068717,glatiramer acetate
125853,MESH:D003924,D005905,glibenclamide
125853,MESH:D003924,D005907,gliclazide
191390,MESH:D003093,D005907,gliclazide
125853,MESH:D003924,D005913,glipizide
166710,MESH:D010024,D005944,glucosamine
603165,MESH:D003876,D005944,glucosamine
140600,MESH:D010003,D005944,glucosamine
165720,MESH:D010003,D005944,glucosamine
607850,MESH:D010003,D005944,glucosamine
266600,MESH:D015212,D005944,glucosamine
176807,MESH:D011471,D007987,gonadorelin
114480,MESH:D001943,D017273,goserelin
176807,MESH:D011471,D017273,goserelin
131200,MESH:D004715,D017273,goserelin
104300,MESH:D000544,D017273,goserelin
143465,MESH:D001289,D016316,guanfacine
104300,MESH:D000544,D006220,haloperidol
137580,MESH:D005879,D006220,haloperidol
181500,MESH:D012559,D006220,haloperidol
600131,MESH:D004832,D006220,haloperidol
607631,MESH:D004832,D006220,haloperidol
600807,MESH:D001249,D006493,heparin
601367,MESH:D000083242,D006493,heparin
211980,MESH:D008175,D006493,heparin
189800,MESH:D011225,D006493,heparin
266600,MESH:D015212,D006493,heparin
212110,MESH:D002311,D006830,hydralazine
189800,MESH:D011225,D006830,hydralazine
600807,MESH:D001249,D006854,hydrocortisone
114480,MESH:D001943,D006854,hydrocortisone
166760,MESH:D010033,D006854,hydrocortisone
176807,MESH:D011471,D006854,hydrocortisone
109543,MESH:D015451,D006854,hydrocortisone
151400,MESH:D015451,D006854,hydrocortisone
188030,MESH:D016553,D006854,hydrocortisone
176807,MESH:D011471,D006918,hydroxyurea
254450,MESH:D055728,D006918,hydroxyurea
263300,MESH:D011087,D006918,hydroxyurea
187950,MESH:D013920,D006918,hydroxyurea
144700,MESH:D002292,D006918,hydroxyurea
178600,MESH:D006976,D006918,hydroxyurea
187950,MESH:D013922,D006918,hydroxyurea
601626,MESH:D015470,D006918,hydroxyurea
176807,MESH:D011471,D007052,ibuprofen
131200,MESH:D004715,D007052,ibuprofen
104300,MESH:D000544,D007052,ibuprofen
114500,MESH:D015179,D007052,ibuprofen
140600,MESH:D010003,D007052,ibuprofen
165720,MESH:D010003,D007052,ibuprofen
607850,MESH:D010003,D007052,ibuprofen
152700,MESH:D008180,D007052,ibuprofen
115000,MESH:D001145,C067192,ibutilide
267730,MESH:D008228,D015255,idarubicin
254500,MESH:D009101,D015255,idarubicin
601626,MESH:D015470,D015255,idarubicin
114480,MESH:D001943,D007069,ifosfamide
176807,MESH:D011471,D007069,ifosfamide
236000,MESH:D006689,D007069,ifosfamide
267730,MESH:D008228,D007069,ifosfamide
273300,MESH:D013736,D007069,ifosfamide
109800,MESH:D001749,D007069,ifosfamide
259500,MESH:D012516,D007069,ifosfamide
182280,MESH:D018288,D007069,ifosfamide
182280,MESH:D055752,D007069,ifosfamide
211980,MESH:D008175,D007069,ifosfamide
144700,MESH:D002292,D007069,ifosfamide
194070,MESH:D009396,D007069,ifosfamide
256700,MESH:D009447,D007069,ifosfamide
179600,MESH:D011928,D016285,iloprost
178600,MESH:D006976,D016285,iloprost
189800,MESH:D011225,D016285,iloprost
114480,MESH:D001943,D000068877,imatinib
176807,MESH:D011471,D000068877,imatinib
137215,MESH:D013274,D000068877,imatinib
182280,MESH:D055752,D000068877,imatinib
211980,MESH:D008175,D000068877,imatinib
187950,MESH:D013920,D000068877,imatinib
137800,MESH:D005910,D000068877,imatinib
607685,MESH:D017681,D000068877,imatinib
143465,MESH:D001289,D007099,imipramine
167870,MESH:D016584,D007099,imipramine
181500,MESH:D012559,D007099,imipramine
600631,MESH:D053206,D007099,imipramine
148000,MESH:D012514,D000077271,imiquimod
156000,MESH:D008575,D007190,indapamide
179600,MESH:D011928,D007213,indomethacin
114480,MESH:D001943,D007213,indomethacin
137215,MESH:D013274,D007213,indomethacin
109800,MESH:D001749,D007213,indomethacin
133239,MESH:D004938,D007213,indomethacin
131200,MESH:D004715,D007213,indomethacin
211980,MESH:D008175,D007213,indomethacin
114550,MESH:D006528,D007213,indomethacin
104300,MESH:D000544,D007213,indomethacin
114500,MESH:D015179,D007213,indomethacin
137800,MESH:D005910,D007213,indomethacin
140600,MESH:D010003,D007213,indomethacin
165720,MESH:D010003,D007213,indomethacin
607850,MESH:D010003,D007213,indomethacin
144700,MESH:D002292,D007213,indomethacin
152700,MESH:D008180,D007213,indomethacin
178600,MESH:D006976,D007213,indomethacin
601626,MESH:D015470,D007213,indomethacin
600807,MESH:D001249,D009241,ipratropium
145500,MESH:D000075222,D000077405,irbesartan
607501,MESH:D020326,D000077405,irbesartan
125853,MESH:D003924,D000077405,irbesartan
137215,MESH:D013274,D000077146,irinotecan
259500,MESH:D012516,D000077146,irinotecan
182280,MESH:D055752,D000077146,irinotecan
114550,MESH:D006528,D000077146,irinotecan
114500,MESH:D015179,D000077146,irinotecan
137800,MESH:D005910,D000077146,irinotecan
256700,MESH:D009447,D000077146,irinotecan
601626,MESH:D015470,D000077146,irinotecan
600807,MESH:D001249,D007545,isoproterenol
115000,MESH:D001145,D007545,isoproterenol
167870,MESH:D016584,D007545,isoproterenol
189800,MESH:D011225,D007548,isosorbide dinitrate
211980,MESH:D008175,D015474,isotretinoin
256700,MESH:D009447,D015474,isotretinoin
603165,MESH:D003876,D017964,itraconazole
254500,MESH:D009101,D017964,itraconazole
605021,MESH:D004831,D007649,ketamine
181500,MESH:D012559,D007649,ketamine
140600,MESH:D010003,D007660,ketoprofen
165720,MESH:D010003,D007660,ketoprofen
607850,MESH:D010003,D007660,ketoprofen
143465,MESH:D001289,D020910,ketorolac
145500,MESH:D000075222,D007741,labetalol
115000,MESH:D001145,D007741,labetalol
171300,MESH:D010673,D007741,labetalol
189800,MESH:D011225,D007741,labetalol
605021,MESH:D004831,D000077213,lamotrigine
181500,MESH:D012559,D000077213,lamotrigine
600131,MESH:D004832,D000077213,lamotrigine
607631,MESH:D004832,D000077213,lamotrigine
600807,MESH:D001249,D064747,lansoprazole
109350,MESH:D005764,D064747,lansoprazole
600263,MESH:D016481,D064747,lansoprazole
114480,MESH:D001943,D000077341,lapatinib
137215,MESH:D013274,D000077341,lapatinib
137760,MESH:D005902,D000077338,latanoprost
267730,MESH:D008228,D002331,l-carnitine
176807,MESH:D011471,D000077269,lenalidomide
267730,MESH:D008228,D000077269,lenalidomide
254500,MESH:D009101,D000077269,lenalidomide
254450,MESH:D055728,D000077269,lenalidomide
114480,MESH:D001943,D000077289,letrozole
114480,MESH:D001943,D002955,leucovorin
236000,MESH:D006689,D002955,leucovorin
267730,MESH:D008228,D002955,leucovorin
137215,MESH:D013274,D002955,leucovorin
109800,MESH:D001749,D002955,leucovorin
259500,MESH:D012516,D002955,leucovorin
211980,MESH:D008175,D002955,leucovorin
114550,MESH:D006528,D002955,leucovorin
114500,MESH:D015179,D002955,leucovorin
137800,MESH:D005910,D002955,leucovorin
176807,MESH:D011471,D016729,leuprolide
131200,MESH:D004715,D016729,leuprolide
114480,MESH:D001943,D007978,levamisole
114500,MESH:D015179,D007978,levamisole
254800,MESH:D020194,D000077287,levetiracetam
137580,MESH:D005879,D000077287,levetiracetam
167870,MESH:D016584,D000077287,levetiracetam
254770,MESH:D020190,D000077287,levetiracetam
604827,MESH:D020190,D000077287,levetiracetam
600131,MESH:D004832,D000077287,levetiracetam
607631,MESH:D004832,D000077287,levetiracetam
102300,MESH:D012148,D007980,levodopa
126200,MESH:D009103,D007980,levodopa
146500,MESH:D019578,D007980,levodopa
166710,MESH:D010024,D016912,levonorgestrel
140300,MESH:D050031,D013974,levothyroxine
255900,MESH:D009230,D013974,levothyroxine
115000,MESH:D001145,D008012,lidocaine
143465,MESH:D001289,D000069478,lisdexamfetamine
164230,MESH:D009771,D000069478,lisdexamfetamine
181500,MESH:D012559,D000069478,lisdexamfetamine
194200,MESH:D014927,D008094,lithium
156000,MESH:D008575,D008094,lithium
104300,MESH:D000544,D008094,lithium
143100,MESH:D006816,D008094,lithium
164230,MESH:D009771,D008094,lithium
181500,MESH:D012559,D008094,lithium
103780,MESH:D000437,D008140,lorazepam
167870,MESH:D016584,D008140,lorazepam
181500,MESH:D012559,D008140,lorazepam
212110,MESH:D002311,D019808,losartan
178600,MESH:D006976,D019808,losartan
144010,MESH:D006938,D008148,lovastatin
181500,MESH:D012559,D008152,loxapine
115000,MESH:D001145,D008274,magnesium
115000,MESH:D001145,D008278,magnesium sulfate
102300,MESH:D012148,D008278,magnesium sulfate
178600,MESH:D006976,D008278,magnesium sulfate
189800,MESH:D011225,D008278,magnesium sulfate
601665,MESH:D009765,D013759,marinol
104300,MESH:D000544,D013759,marinol
137580,MESH:D005879,D013759,marinol
137800,MESH:D005910,D013759,marinol
143100,MESH:D006816,D013759,marinol
601626,MESH:D015470,D013759,marinol
114480,MESH:D001943,D009637,masoprocol
176807,MESH:D011471,D009637,masoprocol
103780,MESH:D000437,D008464,mecamylamine
114480,MESH:D001943,D008525,medroxyprogesterone
211980,MESH:D008175,D008525,medroxyprogesterone
144700,MESH:D002292,D008525,medroxyprogesterone
114550,MESH:D006528,D000077239,meloxicam
114500,MESH:D015179,D000077239,meloxicam
140600,MESH:D010003,D000077239,meloxicam
165720,MESH:D010003,D000077239,meloxicam
607850,MESH:D010003,D000077239,meloxicam
114480,MESH:D001943,D008558,melphalan
176807,MESH:D011471,D008558,melphalan
236000,MESH:D006689,D008558,melphalan
267730,MESH:D008228,D008558,melphalan
254500,MESH:D009101,D008558,melphalan
254450,MESH:D055728,D008558,melphalan
259500,MESH:D012516,D008558,melphalan
187950,MESH:D013920,D008558,melphalan
137800,MESH:D005910,D008558,melphalan
194070,MESH:D009396,D008558,melphalan
256700,MESH:D009447,D008558,melphalan
104300,MESH:D000544,D008559,memantine
181000,MESH:D012507,D008559,memantine
191390,MESH:D003093,D015122,mercaptopurine
266600,MESH:D015212,D015122,mercaptopurine
601626,MESH:D015470,D015122,mercaptopurine
114500,MESH:D015179,D019804,mesalazine
191390,MESH:D003093,D019804,mesalazine
266600,MESH:D015212,D019804,mesalazine
181500,MESH:D012559,D008653,mesoridazine
601665,MESH:D009765,D008687,metformin
125853,MESH:D003924,D008687,metformin
184700,MESH:D011085,D008687,metformin
275000,MESH:D006111,D008713,methimazole
166710,MESH:D010024,D008727,methotrexate
600807,MESH:D001249,D008727,methotrexate
114480,MESH:D001943,D008727,methotrexate
109100,MESH:D001327,D008727,methotrexate
176807,MESH:D011471,D008727,methotrexate
236000,MESH:D006689,D008727,methotrexate
109543,MESH:D015451,D008727,methotrexate
151400,MESH:D015451,D008727,methotrexate
267730,MESH:D008228,D008727,methotrexate
254500,MESH:D009101,D008727,methotrexate
137215,MESH:D013274,D008727,methotrexate
109800,MESH:D001749,D008727,methotrexate
259500,MESH:D012516,D008727,methotrexate
182280,MESH:D055752,D008727,methotrexate
160750,MESH:D009220,D008727,methotrexate
211980,MESH:D008175,D008727,methotrexate
173200,MESH:D010916,D008727,methotrexate
114500,MESH:D015179,D008727,methotrexate
137800,MESH:D005910,D008727,methotrexate
152700,MESH:D008180,D008727,methotrexate
249100,MESH:D010505,D008727,methotrexate
266600,MESH:D015212,D008727,methotrexate
601626,MESH:D015470,D008727,methotrexate
181500,MESH:D012559,D008728,methotrimeprazine
143465,MESH:D001289,D008774,methylphenidate
600807,MESH:D001249,D008775,methylprednisolone
236000,MESH:D006689,D008775,methylprednisolone
267730,MESH:D008228,D008775,methylprednisolone
254500,MESH:D009101,D008775,methylprednisolone
126200,MESH:D009103,D008775,methylprednisolone
152700,MESH:D008180,D008775,methylprednisolone
181000,MESH:D012507,D008775,methylprednisolone
188030,MESH:D016553,D008775,methylprednisolone
191390,MESH:D003093,D008775,methylprednisolone
137760,MESH:D005902,D014290,metipranolol
109350,MESH:D005764,D008787,metoclopramide
182280,MESH:D055752,D008787,metoclopramide
181500,MESH:D012559,D008787,metoclopramide
115000,MESH:D001145,D008790,metoprolol
212110,MESH:D002311,D008790,metoprolol
178600,MESH:D006976,D008790,metoprolol
189800,MESH:D011225,D008790,metoprolol
115000,MESH:D001145,D008801,mexiletine
230800,MESH:D005776,C059896,miglustat
601367,MESH:D000083242,D008911,minocycline
104300,MESH:D000544,D008911,minocycline
137800,MESH:D005910,D008911,minocycline
143100,MESH:D006816,D008911,minocycline
181500,MESH:D012559,D008911,minocycline
109200,MESH:D000505,D008914,minoxidil
178600,MESH:D006976,D008914,minoxidil
140600,MESH:D010003,D016595,misoprostol
165720,MESH:D010003,D016595,misoprostol
607850,MESH:D010003,D016595,misoprostol
114480,MESH:D001943,D016685,mitomycin
176807,MESH:D011471,D016685,mitomycin
137215,MESH:D013274,D016685,mitomycin
109800,MESH:D001749,D016685,mitomycin
133239,MESH:D004938,D016685,mitomycin
211980,MESH:D008175,D016685,mitomycin
114500,MESH:D015179,D016685,mitomycin
137760,MESH:D005902,D016685,mitomycin
114480,MESH:D001943,D008942,mitoxantrone
176807,MESH:D011471,D008942,mitoxantrone
236000,MESH:D006689,D008942,mitoxantrone
109543,MESH:D015451,D008942,mitoxantrone
151400,MESH:D015451,D008942,mitoxantrone
267730,MESH:D008228,D008942,mitoxantrone
109800,MESH:D001749,D008942,mitoxantrone
114500,MESH:D015179,D008942,mitoxantrone
126200,MESH:D009103,D008942,mitoxantrone
601626,MESH:D015470,D008942,mitoxantrone
143465,MESH:D001289,D000077408,modafinil
181500,MESH:D012559,D000077408,modafinil
600807,MESH:D001249,D000068656,mometasone
600807,MESH:D001249,C093875,montelukast
107650,MESH:D020181,C093875,montelukast
115000,MESH:D001145,D009020,morphine
212110,MESH:D002311,D009020,morphine
211980,MESH:D008175,D009020,morphine
103780,MESH:D000437,D009271,naltrexone
126200,MESH:D009103,D009271,naltrexone
137580,MESH:D005879,D009271,naltrexone
601665,MESH:D009765,D009288,naproxen
131200,MESH:D004715,D009288,naproxen
140600,MESH:D010003,D009288,naproxen
165720,MESH:D010003,D009288,naproxen
607850,MESH:D010003,D009288,naproxen
166710,MESH:D010024,D000068577,nebivolol
600807,MESH:D001249,D017835,nedocromil
114480,MESH:D001943,D009525,niacin
109100,MESH:D001327,D009525,niacin
144010,MESH:D006938,D009525,niacin
144650,MESH:D006954,D009525,niacin
104300,MESH:D000544,D009525,niacin
600807,MESH:D001249,D009529,nicardipine
600807,MESH:D001249,D009543,nifedipine
115000,MESH:D001145,D009543,nifedipine
179600,MESH:D011928,D009543,nifedipine
212110,MESH:D002311,D009543,nifedipine
273300,MESH:D013736,D009543,nifedipine
171300,MESH:D010673,D009543,nifedipine
178600,MESH:D006976,D009543,nifedipine
189800,MESH:D011225,D009543,nifedipine
115000,MESH:D001145,D009553,nimodipine
114480,MESH:D001943,D005996,nitroglycerin
109350,MESH:D005764,D005996,nitroglycerin
178600,MESH:D006976,D005996,nitroglycerin
189800,MESH:D011225,D005996,nitroglycerin
178600,MESH:D006976,D009599,nitroprusside
109350,MESH:D005764,D016567,nizatidine
137215,MESH:D013274,D009638,norepinephrine
115000,MESH:D001145,D009661,nortriptyline
143100,MESH:D006816,D009661,nortriptyline
143465,MESH:D001289,D009661,nortriptyline
164230,MESH:D009771,D009661,nortriptyline
167870,MESH:D016584,D009661,nortriptyline
208300,MESH:D002915,D015282,octreotide
600634,MESH:D015175,D015282,octreotide
137215,MESH:D013274,D015282,octreotide
109800,MESH:D001749,D015282,octreotide
146110,MESH:D007006,D015282,octreotide
114550,MESH:D006528,D015282,octreotide
103780,MESH:D000437,D000077152,olanzapine
143100,MESH:D006816,D000077152,olanzapine
164230,MESH:D009771,D000077152,olanzapine
167870,MESH:D016584,D000077152,olanzapine
181500,MESH:D012559,D000077152,olanzapine
109350,MESH:D005764,D009853,omeprazole
600263,MESH:D016481,D009853,omeprazole
266600,MESH:D015212,D009853,omeprazole
114480,MESH:D001943,D017294,ondansetron
600807,MESH:D001249,D009921,orciprenaline
114480,MESH:D001943,D000077403,orlistat
601665,MESH:D009765,D000077403,orlistat
176807,MESH:D011471,D000077403,orlistat
109543,MESH:D015451,D000077403,orlistat
151400,MESH:D015451,D000077403,orlistat
137215,MESH:D013274,D000077403,orlistat
114500,MESH:D015179,D000077403,orlistat
125853,MESH:D003924,D000077403,orlistat
184700,MESH:D011085,D000077403,orlistat
103780,MESH:D000437,D000078330,oxcarbazepine
190400,MESH:D014277,D000078330,oxcarbazepine
102300,MESH:D012148,D000078330,oxcarbazepine
181500,MESH:D012559,D000078330,oxcarbazepine
600131,MESH:D004832,D000078330,oxcarbazepine
607631,MESH:D004832,D000078330,oxcarbazepine
102300,MESH:D012148,D010098,oxycodone
137580,MESH:D005879,D010098,oxycodone
114480,MESH:D001943,D017239,paclitaxel
176807,MESH:D011471,D017239,paclitaxel
267730,MESH:D008228,D017239,paclitaxel
273300,MESH:D013736,D017239,paclitaxel
254500,MESH:D009101,D017239,paclitaxel
137215,MESH:D013274,D017239,paclitaxel
109800,MESH:D001749,D017239,paclitaxel
133239,MESH:D004938,D017239,paclitaxel
259500,MESH:D012516,D017239,paclitaxel
182280,MESH:D055752,D017239,paclitaxel
211980,MESH:D008175,D017239,paclitaxel
114550,MESH:D006528,D017239,paclitaxel
114500,MESH:D015179,D017239,paclitaxel
137800,MESH:D005910,D017239,paclitaxel
601626,MESH:D015470,D017239,paclitaxel
181500,MESH:D012559,D000068882,paliperidone
166710,MESH:D010024,D000077268,pamidronate
114480,MESH:D001943,D000077268,pamidronate
254500,MESH:D009101,D000077268,pamidronate
259500,MESH:D012516,D000077268,pamidronate
246400,MESH:D006646,D000077268,pamidronate
114550,MESH:D006528,D000077268,pamidronate
602080,MESH:D010001,D000077268,pamidronate
109350,MESH:D005764,D000077402,pantoprazole
600263,MESH:D016481,D000077402,pantoprazole
115000,MESH:D001145,D010208,papaverine
104300,MESH:D000544,D017374,paroxetine
164230,MESH:D009771,D017374,paroxetine
167870,MESH:D016584,D017374,paroxetine
114480,MESH:D001943,D000068437,pemetrexed
137215,MESH:D013274,D000068437,pemetrexed
109543,MESH:D015451,D015649,pentostatin
151400,MESH:D015451,D015649,pentostatin
179600,MESH:D011928,D010431,pentoxifylline
125853,MESH:D003924,D010431,pentoxifylline
600634,MESH:D015175,D010479,pergolide
102300,MESH:D012148,D010479,pergolide
143465,MESH:D001289,D010479,pergolide
601665,MESH:D009765,C100294,phendimetrazine
600807,MESH:D001249,D010634,phenobarbital
605021,MESH:D004831,D010634,phenobarbital
181500,MESH:D012559,D010634,phenobarbital
600131,MESH:D004832,D010634,phenobarbital
607631,MESH:D004832,D010634,phenobarbital
115000,MESH:D001145,D010643,phenoxybenzamine
171300,MESH:D010673,D010643,phenoxybenzamine
601665,MESH:D009765,D010645,phentermine
178600,MESH:D006976,D010646,phentolamine
166760,MESH:D010033,D010665,phenylpropanolamine
115000,MESH:D001145,D010672,phenytoin
190400,MESH:D014277,D010672,phenytoin
605021,MESH:D004831,D010672,phenytoin
189800,MESH:D011225,D010672,phenytoin
600131,MESH:D004832,D010672,phenytoin
607631,MESH:D004832,D010672,phenytoin
115000,MESH:D001145,D010862,pilocarpine
137760,MESH:D005902,D010862,pilocarpine
603165,MESH:D003876,C117268,pimecrolimus
145500,MESH:D000075222,D010869,pindolol
104300,MESH:D000544,D010869,pindolol
601665,MESH:D009765,D000077205,pioglitazone
114550,MESH:D006528,D000077205,pioglitazone
125853,MESH:D003924,D000077205,pioglitazone
109800,MESH:D001749,D010894,piroxicam
133239,MESH:D004938,D010894,piroxicam
211980,MESH:D008175,D010894,piroxicam
140600,MESH:D010003,D010894,piroxicam
165720,MESH:D010003,D010894,piroxicam
607850,MESH:D010003,D010894,piroxicam
109800,MESH:D001749,D017323,porfimer
102300,MESH:D012148,D000077487,pramipexole
144010,MESH:D006938,D017035,pravastatin
181460,MESH:D012555,D011223,praziquantel
179600,MESH:D011928,D011224,prazosin
171300,MESH:D010673,D011224,prazosin
146500,MESH:D019578,D011224,prazosin
600807,MESH:D001249,D011239,prednisolone
114480,MESH:D001943,D011239,prednisolone
109100,MESH:D001327,D011239,prednisolone
603165,MESH:D003876,D011239,prednisolone
176807,MESH:D011471,D011239,prednisolone
236000,MESH:D006689,D011239,prednisolone
267730,MESH:D008228,D011239,prednisolone
254500,MESH:D009101,D011239,prednisolone
254450,MESH:D055728,D011239,prednisolone
170900,MESH:D000752,D011239,prednisolone
160750,MESH:D009220,D011239,prednisolone
607501,MESH:D020326,D011239,prednisolone
275000,MESH:D006111,D011239,prednisolone
205700,MESH:D000744,D011239,prednisolone
605021,MESH:D004831,D011239,prednisolone
126200,MESH:D009103,D011239,prednisolone
152700,MESH:D008180,D011239,prednisolone
181000,MESH:D012507,D011239,prednisolone
191390,MESH:D003093,D011239,prednisolone
246300,MESH:D007918,D011239,prednisolone
266600,MESH:D015212,D011239,prednisolone
601626,MESH:D015470,D011239,prednisolone
243200,MESH:D011559,D011241,prednisone
600807,MESH:D001249,D011241,prednisone
212110,MESH:D002311,D011241,prednisone
114480,MESH:D001943,D011241,prednisone
176807,MESH:D011471,D011241,prednisone
236000,MESH:D006689,D011241,prednisone
267730,MESH:D008228,D011241,prednisone
254500,MESH:D009101,D011241,prednisone
254450,MESH:D055728,D011241,prednisone
179800,MESH:D000141,D011241,prednisone
160750,MESH:D009220,D011241,prednisone
246400,MESH:D006646,D011241,prednisone
275000,MESH:D006111,D011241,prednisone
205700,MESH:D000744,D011241,prednisone
126200,MESH:D009103,D011241,prednisone
137760,MESH:D005902,D011241,prednisone
152700,MESH:D008180,D011241,prednisone
181000,MESH:D012507,D011241,prednisone
188030,MESH:D016553,D011241,prednisone
191390,MESH:D003093,D011241,prednisone
266600,MESH:D015212,D011241,prednisone
601626,MESH:D015470,D011241,prednisone
607685,MESH:D017681,D011241,prednisone
103780,MESH:D000437,D000069583,pregabalin
102300,MESH:D012148,D000069583,pregabalin
254800,MESH:D020194,D011324,primidone
600131,MESH:D004832,D011324,primidone
607631,MESH:D004832,D011324,primidone
194200,MESH:D014927,D011342,procainamide
115000,MESH:D001145,D011342,procainamide
156000,MESH:D008575,D011346,prochlorperazine
181500,MESH:D012559,D011352,procyclidine
115000,MESH:D001145,D011374,progesterone
114480,MESH:D001943,D011374,progesterone
131200,MESH:D004715,D011374,progesterone
166760,MESH:D010033,D011398,promethazine
158280,MESH:D009041,D011398,promethazine
181500,MESH:D012559,D011398,promethazine
194200,MESH:D014927,D011405,propafenone
115000,MESH:D001145,D011405,propafenone
102300,MESH:D012148,D011431,propoxyphene
137580,MESH:D005879,D011431,propoxyphene
194200,MESH:D014927,D011433,propranolol
166710,MESH:D010024,D011433,propranolol
600807,MESH:D001249,D011433,propranolol
115000,MESH:D001145,D011433,propranolol
275000,MESH:D006111,D011433,propranolol
102300,MESH:D012148,D011433,propranolol
167870,MESH:D016584,D011433,propranolol
178600,MESH:D006976,D011433,propranolol
181500,MESH:D012559,D011433,propranolol
275000,MESH:D006111,D011441,propylthiouracil
170900,MESH:D000752,D011729,pyridostigmine
114500,MESH:D015179,D011732,pyridoxal phosphate
103780,MESH:D000437,D011736,pyridoxine
181500,MESH:D012559,D011736,pyridoxine
127750,MESH:D020961,D000069348,quetiapine
137580,MESH:D005879,D000069348,quetiapine
164230,MESH:D009771,D000069348,quetiapine
181500,MESH:D012559,D000069348,quetiapine
115000,MESH:D001145,D000077583,quinapril
194200,MESH:D014927,D011802,quinidine
115000,MESH:D001145,D011802,quinidine
126200,MESH:D009103,D011802,quinidine
114480,MESH:D001943,D011803,quinine
109350,MESH:D005764,D064750,rabeprazole
600263,MESH:D016481,D064750,rabeprazole
166710,MESH:D010024,D020849,raloxifene
114480,MESH:D001943,D020849,raloxifene
176807,MESH:D011471,D020849,raloxifene
254500,MESH:D009101,D020849,raloxifene
109800,MESH:D001749,D020849,raloxifene
104300,MESH:D000544,D020849,raloxifene
115000,MESH:D001145,D017257,ramipril
212110,MESH:D002311,D017257,ramipril
114480,MESH:D001943,D011899,ranitidine
109350,MESH:D005764,D011899,ranitidine
600263,MESH:D016481,D011899,ranitidine
152700,MESH:D008180,D011899,ranitidine
115000,MESH:D001145,D012110,reserpine
104300,MESH:D000544,D012110,reserpine
181500,MESH:D012559,D012110,reserpine
114480,MESH:D001943,D012256,riboflavin
114500,MESH:D015179,D012256,riboflavin
246300,MESH:D007918,D012293,rifampin
166710,MESH:D010024,D000068296,risedronate
137580,MESH:D005879,D018967,risperidone
143465,MESH:D001289,D018967,risperidone
164230,MESH:D009771,D018967,risperidone
167870,MESH:D016584,D018967,risperidone
181500,MESH:D012559,D018967,risperidone
104300,MESH:D000544,D000068836,rivastigmine
607501,MESH:D020326,C093622,rizatriptan
131200,MESH:D004715,C116926,rofecoxib
114500,MESH:D015179,C116926,rofecoxib
140600,MESH:D010003,C116926,rofecoxib
165720,MESH:D010003,C116926,rofecoxib
607850,MESH:D010003,C116926,rofecoxib
102300,MESH:D012148,C046649,ropinirole
114480,MESH:D001943,D000077154,rosiglitazone
603165,MESH:D003876,D000077154,rosiglitazone
211980,MESH:D008175,D000077154,rosiglitazone
104300,MESH:D000544,D000077154,rosiglitazone
125853,MESH:D003924,D000077154,rosiglitazone
178600,MESH:D006976,D000077154,rosiglitazone
184700,MESH:D011085,D000077154,rosiglitazone
191390,MESH:D003093,D000077154,rosiglitazone
600807,MESH:D001249,D000420,salbutamol
600807,MESH:D001249,D000068299,salmeterol
602080,MESH:D010001,C028815,salmon calcitonin
158280,MESH:D009041,D012601,scopolamine
137580,MESH:D005879,D012601,scopolamine
601665,MESH:D009765,D020280,sertraline
102300,MESH:D012148,D020280,sertraline
143100,MESH:D006816,D020280,sertraline
143465,MESH:D001289,D020280,sertraline
164230,MESH:D009771,D020280,sertraline
167870,MESH:D016584,D020280,sertraline
181500,MESH:D012559,D020280,sertraline
601665,MESH:D009765,C058254,sibutramine
176807,MESH:D011471,D000068677,sildenafil
178600,MESH:D006976,D000068677,sildenafil
144010,MESH:D006938,D019821,simvastatin
131200,MESH:D004715,D019821,simvastatin
114500,MESH:D015179,D019821,simvastatin
137800,MESH:D005910,D019821,simvastatin
178600,MESH:D006976,D019821,simvastatin
184700,MESH:D011085,D019821,simvastatin
191390,MESH:D003093,D019821,simvastatin
125853,MESH:D003924,D000068900,sitagliptin
192200,MESH:D014648,D012981,sodium tetradecyl sulfate
114480,MESH:D001943,D000077157,sorafenib
137215,MESH:D013274,D000077157,sorafenib
114550,MESH:D006528,D000077157,sorafenib
114500,MESH:D015179,D000077157,sorafenib
144700,MESH:D002292,D000077157,sorafenib
188470,MESH:C572845,D000077157,sorafenib
601626,MESH:D015470,D000077157,sorafenib
115000,MESH:D001145,D013015,sotalol
212110,MESH:D002311,D013148,spironolactone
107650,MESH:D020181,D013148,spironolactone
184700,MESH:D011085,D013148,spironolactone
236000,MESH:D006689,D013311,streptozocin
114480,MESH:D001943,D012460,sulfasalazine
191390,MESH:D003093,D012460,sulfasalazine
266600,MESH:D015212,D012460,sulfasalazine
114480,MESH:D001943,D013467,sulindac
109350,MESH:D005764,D013467,sulindac
133239,MESH:D004938,D013467,sulindac
131200,MESH:D004715,D013467,sulindac
211980,MESH:D008175,D013467,sulindac
114500,MESH:D015179,D013467,sulindac
140600,MESH:D010003,D013467,sulindac
165720,MESH:D010003,D013467,sulindac
607850,MESH:D010003,D013467,sulindac
175100,MESH:D011125,D013467,sulindac
607501,MESH:D020326,D018170,sumatriptan
176807,MESH:D011471,D000077210,sunitinib
144700,MESH:D002292,D000077210,sunitinib
104300,MESH:D000544,D013619,tacrine
603165,MESH:D003876,D016559,tacrolimus
152700,MESH:D008180,D016559,tacrolimus
114480,MESH:D001943,D013629,tamoxifen
176807,MESH:D011471,D013629,tamoxifen
254500,MESH:D009101,D013629,tamoxifen
109800,MESH:D001749,D013629,tamoxifen
211980,MESH:D008175,D013629,tamoxifen
114550,MESH:D006528,D013629,tamoxifen
137800,MESH:D005910,D013629,tamoxifen
601665,MESH:D009765,D000077333,telmisartan
125853,MESH:D003924,D000077333,telmisartan
133239,MESH:D004938,D000077204,temozolomide
114550,MESH:D006528,D000077204,temozolomide
137800,MESH:D005910,D000077204,temozolomide
256700,MESH:D009447,D000077204,temozolomide
114480,MESH:D001943,C401859,temsirolimus
176807,MESH:D011471,C401859,temsirolimus
144700,MESH:D002292,C401859,temsirolimus
236000,MESH:D006689,D013713,teniposide
267730,MESH:D008228,D013713,teniposide
109800,MESH:D001749,D013713,teniposide
176807,MESH:D011471,C041226,terazosin
600807,MESH:D001249,D013726,terbutaline
166710,MESH:D010024,D016593,terfenadine
600807,MESH:D001249,D016593,terfenadine
166710,MESH:D010024,D019379,teriparatide
176807,MESH:D011471,D013739,testosterone
146110,MESH:D007006,D013739,testosterone
189600,MESH:D014103,D013747,tetrabenazine
137580,MESH:D005879,D013747,tetrabenazine
143100,MESH:D006816,D013747,tetrabenazine
600263,MESH:D016481,D013752,tetracycline
148000,MESH:D012514,D013792,thalidomide
603165,MESH:D003876,D013792,thalidomide
176807,MESH:D011471,D013792,thalidomide
109543,MESH:D015451,D013792,thalidomide
151400,MESH:D015451,D013792,thalidomide
267730,MESH:D008228,D013792,thalidomide
254500,MESH:D009101,D013792,thalidomide
254450,MESH:D055728,D013792,thalidomide
182280,MESH:D055752,D013792,thalidomide
114550,MESH:D006528,D013792,thalidomide
137800,MESH:D005910,D013792,thalidomide
144700,MESH:D002292,D013792,thalidomide
152700,MESH:D008180,D013792,thalidomide
181000,MESH:D012507,D013792,thalidomide
191390,MESH:D003093,D013792,thalidomide
246300,MESH:D007918,D013792,thalidomide
601626,MESH:D015470,D013792,thalidomide
600807,MESH:D001249,D013806,theophylline
109543,MESH:D015451,D013806,theophylline
151400,MESH:D015451,D013806,theophylline
211980,MESH:D008175,D013806,theophylline
266600,MESH:D015212,D013866,thioguanine
601626,MESH:D015470,D013866,thioguanine
104300,MESH:D000544,D013881,thioridazine
143465,MESH:D001289,D013881,thioridazine
181500,MESH:D012559,D013881,thioridazine
181500,MESH:D012559,D013888,thiothixene
188050,MESH:D019851,D013988,ticlopidine
115000,MESH:D001145,D013999,timolol
137760,MESH:D005902,D013999,timolol
190400,MESH:D014277,C023754,tizanidine
125853,MESH:D003924,D014044,tolbutamide
104300,MESH:D000544,D000077867,tolcapone
140600,MESH:D010003,D014046,tolmetin
165720,MESH:D010003,D014046,tolmetin
607850,MESH:D010003,D014046,tolmetin
103780,MESH:D000437,D000077236,topiramate
243200,MESH:D011559,D000077236,topiramate
601665,MESH:D009765,D000077236,topiramate
254800,MESH:D020194,D000077236,topiramate
607501,MESH:D020326,D000077236,topiramate
125853,MESH:D003924,D000077236,topiramate
267730,MESH:D008228,D019772,topotecan
254500,MESH:D009101,D019772,topotecan
182280,MESH:D055752,D019772,topotecan
114550,MESH:D006528,D019772,topotecan
144700,MESH:D002292,D019772,topotecan
256700,MESH:D009447,D019772,topotecan
212110,MESH:D002311,D000077786,torasemide
178600,MESH:D006976,D000077786,torasemide
102300,MESH:D012148,D014147,tramadol
140600,MESH:D010003,D014147,tramadol
165720,MESH:D010003,D014147,tramadol
607850,MESH:D010003,D014147,tramadol
134500,MESH:D006467,D014148,tranexamic acid
188030,MESH:D016553,D014148,tranexamic acid
178600,MESH:D006976,C427248,treprostinil
600807,MESH:D001249,D014212,tretinoin
114480,MESH:D001943,D014212,tretinoin
254500,MESH:D009101,D014212,tretinoin
137215,MESH:D013274,D014212,tretinoin
114550,MESH:D006528,D014212,tretinoin
109200,MESH:D000505,D014212,tretinoin
194070,MESH:D009396,D014212,tretinoin
601626,MESH:D015470,D014212,tretinoin
607685,MESH:D017681,D014212,tretinoin
153880,MESH:D008269,D014221,triamcinolone
115000,MESH:D001145,D014223,triamterene
115000,MESH:D001145,D014268,trifluoperazine
181500,MESH:D012559,D014268,trifluoperazine
189600,MESH:D014103,D014282,trihexyphenidyl
181500,MESH:D012559,D014282,trihexyphenidyl
140600,MESH:D010003,C406224,valdecoxib
165720,MESH:D010003,C406224,valdecoxib
607850,MESH:D010003,C406224,valdecoxib
103780,MESH:D000437,D000069470,venlafaxine
143465,MESH:D001289,D000069470,venlafaxine
164230,MESH:D009771,D000069470,venlafaxine
167870,MESH:D016584,D000069470,venlafaxine
181500,MESH:D012559,D000069470,venlafaxine
115000,MESH:D001145,D014700,verapamil
114480,MESH:D001943,D014700,verapamil
259500,MESH:D012516,D014700,verapamil
144700,MESH:D002292,D014700,verapamil
148000,MESH:D012514,D014747,vinblastine
114480,MESH:D001943,D014747,vinblastine
176807,MESH:D011471,D014747,vinblastine
236000,MESH:D006689,D014747,vinblastine
273300,MESH:D013736,D014747,vinblastine
109800,MESH:D001749,D014747,vinblastine
246400,MESH:D006646,D014747,vinblastine
114500,MESH:D015179,D014747,vinblastine
144700,MESH:D002292,D014747,vinblastine
148000,MESH:D012514,D014750,vincristine
114480,MESH:D001943,D014750,vincristine
254400,MESH:D009182,D014750,vincristine
176807,MESH:D011471,D014750,vincristine
236000,MESH:D006689,D014750,vincristine
267730,MESH:D008228,D014750,vincristine
273300,MESH:D013736,D014750,vincristine
254500,MESH:D009101,D014750,vincristine
109800,MESH:D001749,D014750,vincristine
259500,MESH:D012516,D014750,vincristine
182280,MESH:D018288,D014750,vincristine
182280,MESH:D055752,D014750,vincristine
211980,MESH:D008175,D014750,vincristine
114500,MESH:D015179,D014750,vincristine
137800,MESH:D005910,D014750,vincristine
144700,MESH:D002292,D014750,vincristine
152700,MESH:D008180,D014750,vincristine
188030,MESH:D016553,D014750,vincristine
194070,MESH:D009396,D014750,vincristine
256700,MESH:D009447,D014750,vincristine
601626,MESH:D015470,D014750,vincristine
114480,MESH:D001943,D000077235,vinorelbine
176807,MESH:D011471,D000077235,vinorelbine
211980,MESH:D008175,D000077235,vinorelbine
243200,MESH:D011559,D014801,vitamin a
114480,MESH:D001943,D001205,vitamin c
601665,MESH:D009765,D001205,vitamin c
176807,MESH:D011471,D001205,vitamin c
109800,MESH:D001749,D001205,vitamin c
211980,MESH:D008175,D001205,vitamin c
114550,MESH:D006528,D001205,vitamin c
240400,MESH:D012614,D001205,vitamin c
137800,MESH:D005910,D001205,vitamin c
146850,OMIM:146850,D001205,vitamin c
184700,MESH:D011085,D001205,vitamin c
114480,MESH:D001943,D014810,vitamin e
176807,MESH:D011471,D014810,vitamin e
133239,MESH:D004938,D014810,vitamin e
211980,MESH:D008175,D014810,vitamin e
114550,MESH:D006528,D014810,vitamin e
114500,MESH:D015179,D014810,vitamin e
146850,OMIM:146850,D014810,vitamin e
184700,MESH:D011085,D014810,vitamin e
277460,MESH:C535393,D014810,vitamin e
114480,MESH:D001943,D000077337,vorinostat
176807,MESH:D011471,D000077337,vorinostat
211980,MESH:D008175,D000077337,vorinostat
178600,MESH:D006976,D000077337,vorinostat
243200,MESH:D011559,D014859,warfarin
254500,MESH:D009101,D014859,warfarin
230800,MESH:D005776,D014859,warfarin
178600,MESH:D006976,D014859,warfarin
188050,MESH:D019851,D014859,warfarin
607685,MESH:D017681,D014859,warfarin
600807,MESH:D001249,C062735,zafirlukast
603165,MESH:D003876,C062735,zafirlukast
131200,MESH:D004715,C062735,zafirlukast
178600,MESH:D006976,C062735,zafirlukast
600807,MESH:D001249,C063449,zileuton
107650,MESH:D020181,C063449,zileuton
178600,MESH:D006976,C063449,zileuton
266600,MESH:D015212,C063449,zileuton
181500,MESH:D012559,C092292,ziprasidone
166710,MESH:D010024,D000077211,zoledronate
114480,MESH:D001943,D000077211,zoledronate
176807,MESH:D011471,D000077211,zoledronate
254500,MESH:D009101,D000077211,zoledronate
144700,MESH:D002292,D000077211,zoledronate
607501,MESH:D020326,C089750,zolmitriptan
254800,MESH:D020194,D000078305,zonisamide
605021,MESH:D004831,D000078305,zonisamide
